{
    "beta": 10,
    "complex": false,
    "hloc": {
        "one body": [ 
            [ 0, 0, 0, 0 ], 
            [ 0, -0, 0, 0 ], 
            [ 0, 0, 0, 0 ], 
            [ 0, 0, 0, -0 ] ],
        "two body": [ 4, 0, 0, 0, 0, 1, 0, 0, 0, 0, 0, 0, 0, 0, 0, 0, 0, 1, 0, 0, 2, 0, 0, 0, 0, 0, 0, 0, 0, 0, 0, 0, 0, 0, 0, 0, 0, 0, 0, 0, 4, 0, 0, 0, 0, 1, 0, 0, 0, 0, 0, 0, 0, 0, 0, 0, 0, 1, 0, 0, 2, 0, 0, 0, 0, 2, 0, 0, 1, 0, 0, 0, 0, 0, 0, 0, 0, 0, 0, 0, 1, 0, 0, 0, 0, 4, 0, 0, 0, 0, 0, 0, 0, 0, 0, 0, 0, 0, 0, 0, 0, 0, 0, 0, 0, 2, 0, 0, 1, 0, 0, 0, 0, 0, 0, 0, 0, 0, 0, 0, 1, 0, 0, 0, 0, 4, 0, 0, 0, 0, 4, 0, 0, 0, 0, 1, 0, 0, 0, 0, 0, 0, 0, 0, 0, 0, 0, 1, 0, 0, 2, 0, 0, 0, 0, 0, 0, 0, 0, 0, 0, 0, 0, 0, 0, 0, 0, 0, 0, 0, 4, 0, 0, 0, 0, 1, 0, 0, 0, 0, 0, 0, 0, 0, 0, 0, 0, 1, 0, 0, 2, 0, 0, 0, 0, 2, 0, 0, 1, 0, 0, 0, 0, 0, 0, 0, 0, 0, 0, 0, 1, 0, 0, 0, 0, 4, 0, 0, 0, 0, 0, 0, 0, 0, 0, 0, 0, 0, 0, 0, 0, 0, 0, 0, 0, 2, 0, 0, 1, 0, 0, 0, 0, 0, 0, 0, 0, 0, 0, 0, 1, 0, 0, 0, 0, 4 ]
    },
    "hybridisation": {
        "functions": "hyb.json",
        "matrix": [ 
            [ "A", "", "", "" ], 
            [ "", "B", "", "" ], 
            [ "", "", "A", "" ], 
            [ "", "", "", "B" ] ]
    },
    "measurement time": 4,
    "mu": 3,
    "partition": {
        "green basis": "matsubara",
        "green bulla": false,
        "green matsubara cutoff": 25,
        "occupation susceptibility bulla": false,
        "occupation susceptibility direct": true,
        "quantum number susceptibility": true,
        "quantum numbers": {
            "N": [ 1, 1, 1, 1 ],
            "Sz": [ 0.5, 0.5, -0.5, -0.5 ]
        },
        "susceptibility cutoff": 50,
        "susceptibility tail": 200
    },
    "thermalisation time": 1,
    "green" : {
        "basis" : "matsubara",
        "cutoff" : 50,
        "meas" : [ "", "impr", "imprsum" ]
    }
}
