{
    "block states": [ 
        [ 0 ], 
        [ 1 ], 
        [ 2 ], 
        [ 3 ] ],
    "eigen values": [ "AAAAAAAAAAA", "AAAAAAAAAAA", "AAAAAAAAAAA", "AAAAAAAAIAE" ],
    "filling": "AAAAAAAAAAAAAAAAAAA8/AAAAAAAAA/PAAAAAAAAAAE",
    "interaction": [ {
        "matrix": [ 1, 1, "AAAAAAAAAAA" ],
        "target": 0
    }, {
        "matrix": [ 1, 1, "AAAAAAAAAAA" ],
        "target": 1
    }, {
        "matrix": [ 1, 1, "AAAAAAAAAAA" ],
        "target": 2
    }, {
        "matrix": [ 1, 1, "AAAAAAAAIAE" ],
        "target": 3
    } ],
    "one body": [ 2, 2, "AAAAAAAAAAAAAAAAAAAAAAAAAAAAAAAAAAAAAAAAAAA" ],
    "transformation": [ {
        "matrix": [ 1, 1, "AAAAAAAAw/D" ],
        "target": 0
    }, {
        "matrix": [ 1, 1, "AAAAAAAAw/D" ],
        "target": 1
    }, {
        "matrix": [ 1, 1, "AAAAAAAAw/D" ],
        "target": 2
    }, {
        "matrix": [ 1, 1, "AAAAAAAAw/D" ],
        "target": 3
    } ],
    "two body": [ 0, 0, 0, 0, 0, 0, 3, 0, 0, 3, 0, 0, 0, 0, 0, 0 ]
}