{
    "block states": [ 
        [ 0 ], 
        [ 1 ], 
        [ 2 ], 
        [ 3 ], 
        [ 4 ], 
        [ 5 ], 
        [ 6 ], 
        [ 7 ], 
        [ 8 ], 
        [ 9 ], 
        [ 10 ], 
        [ 11 ], 
        [ 12 ], 
        [ 13 ], 
        [ 14 ], 
        [ 15 ] ],
    "eigen values": [ "AAAAAAAAAAA", "AAAAAAAAw/D", "AAAAAAAAw/D", "AAAAAAAAkAE", "AAAAAAAA4/L", "AAAAAAAAg/L", "AAAAAAAAg/L", "AAAAAAAAhAE", "AAAAAAAA4/L", "AAAAAAAAg/L", "AAAAAAAAg/L", "AAAAAAAAhAE", "AAAAAAAAAAA", "AAAAAAAAw/D", "AAAAAAAAw/D", "AAAAAAAAkAE" ],
    "filling": "AAAAAAAAAAAAAAAAAAA8/AAAAAAAAA/PAAAAAAAAAAEAAAAAAAA8/AAAAAAAAAAQAAAAAAAAAAEAAAAAAAACABAAAAAAAA/PAAAAAAAAAAEAAAAAAAAAABAAAAAAAgAQAAAAAAAAAAEAAAAAAAACABAAAAAAAgAQAAAAAAAAQAE",
    "interaction": [ {
        "matrix": [ 1, 1, "AAAAAAAAAAA" ],
        "target": 0
    }, {
        "matrix": [ 1, 1, "AAAAAAAAAAA" ],
        "target": 1
    }, {
        "matrix": [ 1, 1, "AAAAAAAAAAA" ],
        "target": 2
    }, {
        "matrix": [ 1, 1, "AAAAAAAAgAE" ],
        "target": 3
    }, {
        "matrix": [ 1, 1, "AAAAAAAAAAA" ],
        "target": 4
    }, {
        "matrix": [ 1, 1, "AAAAAAAAAAA" ],
        "target": 5
    }, {
        "matrix": [ 1, 1, "AAAAAAAAAAA" ],
        "target": 6
    }, {
        "matrix": [ 1, 1, "AAAAAAAAgAE" ],
        "target": 7
    }, {
        "matrix": [ 1, 1, "AAAAAAAAAAA" ],
        "target": 8
    }, {
        "matrix": [ 1, 1, "AAAAAAAAAAA" ],
        "target": 9
    }, {
        "matrix": [ 1, 1, "AAAAAAAAAAA" ],
        "target": 10
    }, {
        "matrix": [ 1, 1, "AAAAAAAAgAE" ],
        "target": 11
    }, {
        "matrix": [ 1, 1, "AAAAAAAAIAE" ],
        "target": 12
    }, {
        "matrix": [ 1, 1, "AAAAAAAAIAE" ],
        "target": 13
    }, {
        "matrix": [ 1, 1, "AAAAAAAAIAE" ],
        "target": 14
    }, {
        "matrix": [ 1, 1, "AAAAAAAAmAE" ],
        "target": 15
    } ],
    "one body": [ 4, 4, "AAAAAAAAw/DAAAAAAAAAAAAAAAAAAAAAAAAAAAAAAAAAAAAAAAAAAAAAAAAAAA/PAAAAAAAAAAAAAAAAAAAAAAAAAAAAAAAAAAAAAAAAAAAAAAAAAAA+/CAAAAAAAAAAAAAAAAAAAAAAAAAAAAAAAAAAAAAAAAAAAAAAAAAA4/L" ],
    "transformation": [ {
        "matrix": [ 1, 1, "AAAAAAAAw/D" ],
        "target": 0
    }, {
        "matrix": [ 1, 1, "AAAAAAAAw/D" ],
        "target": 1
    }, {
        "matrix": [ 1, 1, "AAAAAAAAw/D" ],
        "target": 2
    }, {
        "matrix": [ 1, 1, "AAAAAAAAw/D" ],
        "target": 3
    }, {
        "matrix": [ 1, 1, "AAAAAAAAw/D" ],
        "target": 4
    }, {
        "matrix": [ 1, 1, "AAAAAAAAw/D" ],
        "target": 5
    }, {
        "matrix": [ 1, 1, "AAAAAAAAw/D" ],
        "target": 6
    }, {
        "matrix": [ 1, 1, "AAAAAAAAw/D" ],
        "target": 7
    }, {
        "matrix": [ 1, 1, "AAAAAAAAw/D" ],
        "target": 8
    }, {
        "matrix": [ 1, 1, "AAAAAAAAw/D" ],
        "target": 9
    }, {
        "matrix": [ 1, 1, "AAAAAAAAw/D" ],
        "target": 10
    }, {
        "matrix": [ 1, 1, "AAAAAAAAw/D" ],
        "target": 11
    }, {
        "matrix": [ 1, 1, "AAAAAAAAw/D" ],
        "target": 12
    }, {
        "matrix": [ 1, 1, "AAAAAAAAw/D" ],
        "target": 13
    }, {
        "matrix": [ 1, 1, "AAAAAAAAw/D" ],
        "target": 14
    }, {
        "matrix": [ 1, 1, "AAAAAAAAw/D" ],
        "target": 15
    } ],
    "two body": [ 0, 0, 0, 0, 0, 0, 0, 0, 0, 0, 0, 0, 0, 0, 0, 0, 0, 0, 0, 0, 8, 0, 0, 0, 0, 0, 0, 0, 0, 0, 0, 0, 0, 0, 0, 0, 0, 0, 0, 0, 0, 0, 0, 0, 0, 0, 0, 0, 0, 0, 0, 0, 0, 0, 0, 0, 0, 0, 0, 0, 0, 0, 0, 0, 0, 8, 0, 0, 0, 0, 0, 0, 0, 0, 0, 0, 0, 0, 0, 0, 0, 0, 0, 0, 0, 0, 0, 0, 0, 0, 0, 0, 0, 0, 0, 0, 0, 0, 0, 0, 0, 0, 0, 0, 0, 0, 0, 0, 0, 0, 0, 0, 0, 0, 0, 0, 0, 0, 0, 0, 0, 0, 0, 0, 0, 0, 0, 0, 0, 0, 0, 0, 0, 0, 0, 0, 0, 0, 0, 0, 0, 0, 0, 0, 0, 0, 0, 0, 0, 0, 0, 0, 0, 0, 0, 0, 0, 0, 0, 0, 0, 0, 0, 0, 0, 0, 0, 0, 0, 0, 0, 0, 0, 0, 0, 0, 0, 0, 0, 0, 0, 0, 0, 0, 0, 0, 0, 0, 0, 0, 3, 0, 0, 0, 0, 0, 0, 0, 0, 0, 0, 0, 0, 0, 0, 0, 0, 0, 0, 0, 0, 0, 0, 0, 0, 0, 0, 0, 0, 0, 0, 0, 0, 0, 0, 0, 0, 0, 0, 0, 0, 0, 0, 0, 0, 3, 0, 0, 0, 0, 0, 0, 0, 0, 0, 0, 0, 0, 0, 0, 0, 0, 0, 0, 0, 0 ]
}