{
    "print" : true,
    "beta": 10,
    "complex": false,
    "hloc": {
        "one body": [ 
            [ 0, 0 ], 
            [ 0, 0 ] ],
        "two body": [ 0, 0, 0, 0, 0, 0, 4, 0, 0, 4, 0, 0, 0, 0, 0, 0 ]
    },
    "hybridisation": {
        "functions": "hyb.json",
        "matrix": [ 
            [ "A", "" ], 
            [ "", "A" ] ]
    },
    "measurement time": 15,
    "mu": 2,
    "partition": {
        "green basis": "matsubara",
        "green bulla": false,
        "green matsubara cutoff": 25,
        "occupation susceptibility bulla": false,
        "occupation susceptibility direct": true,
        "quantum number susceptibility": true,
        "quantum numbers": {
            "N": [ 1, 1 ],
            "Sz": [ 0.5, -0.5 ]
        },
        "susceptibility cutoff": 50,
        "susceptibility tail": 200
    },
    "susc_pp" : {
        "basis" : "matsubara",
        "cutoff" : 50
    },
    "susc_ph" : {
        "basis" : "matsubara",
        "cutoff" : 50
    },
    "thermalisation time": 0
}
